Cs2AgBiF6.cif,-2.508638585
Cs2AlAgF6.cif,-2.997612301
Cs2AlRbF6.cif,-3.382739546
Cs2BaPtCl6.cif,-1.759556189
Cs2CaCoCl6.cif,-1.889818805
Cs2CaCrF6.cif,-3.154007989
Cs2CaCuF6.cif,-2.916729486
Cs2CaFeF6.cif,-3.068932322
Cs2CaMnBr6.cif,-1.788691693
Cs2CaMnF6.cif,-3.232608227
Cs2CaNiCl6.cif,-1.900719532
Cs2CaPbBr6.cif,-1.822275008
Cs2CaPbCl6.cif,-2.108760417
Cs2CaPdF6.cif,-2.796127974
Cs2CaPtBr6.cif,-1.493001367
Cs2CaSnF6.cif,-3.181130413
Cs2CaSnI6.cif,-1.361109462
Cs2CaSrCl6.cif,-2.510615872
Cs2CaTiCl6.cif,-2.168161729
Cs2CaTiF6.cif,-3.333151116
Cs2CaV_F6.cif,-3.263913981
Cs2CaZnCl6.cif,-2.067394465
Cs2CaZnF6.cif,-3.191174987
Cs2CdBaCl6.cif,-2.081619077
Cs2CdPbBr6.cif,-1.449476976
Cs2CdSnBr6.cif,-1.422477733
Cs2CdSnF6.cif,-2.667656756
Cs2CoAuCl6.cif,-1.21957421
Cs2CoBaCl6.cif,-1.893022924
Cs2CoPbF6.cif,-2.526510977
Cs2CoSrCl6.cif,-1.90159706
Cs2CoSrF6.cif,-2.981832455
Cs2CrBaI6.cif,-1.304563864
Cs2CrFeF6.cif,-2.53175527
Cs2CrPbF6.cif,-2.697932239
Cs2CrPtF6.cif,-2.301650409
Cs2CrRbCl6.cif,-1.885565942
Cs2CrSnBr6.cif,-1.366995453
Cs2CrSrF6.cif,-3.135787555
Cs2CuBaBr6.cif,-1.603352715
Cs2CuBiBr6.cif,-1.281243779
Cs2CuBiCl6.cif,-1.521261191
Cs2CuCdCl6.cif,-1.469126956
Cs2CuCdF6.cif,-2.411932226
Cs2CuMoF6.cif,-2.445836925
Cs2CuPbBr6.cif,-1.286951966
Cs2CuPbCl6.cif,-1.526229231
Cs2CuSbF6.cif,-2.451738365
Cs2CuSnBr6.cif,-1.295138569
Cs2CuSnF6.cif,-2.490232239
Cs2CuSrCl6.cif,-1.869938284
Cs2CuZnF6.cif,-2.412970805
Cs2FeAgF6.cif,-2.465174375
Cs2FeCdCl6.cif,-1.530103806
Cs2FeCdF6.cif,-2.545808529
Cs2FePbBr6.cif,-1.30103745
Cs2FePtF6.cif,-2.150257212
Cs2FeSrBr6.cif,-1.659956557
Cs2FeSrCl6.cif,-1.961305621
Cs2FeSrF6.cif,-3.051349915
Cs2FeZnF6.cif,-2.547628848
Cs2GaRbCl6.cif,-1.855851172
Cs2GaRbI6.cif,-1.135362795
Cs2InAuCl6.cif,-1.460907117
Cs2K_BiF6.cif,-2.885718637
Cs2K_CoCl6.cif,-1.642556692
Cs2K_CoF6.cif,-2.664137291
Cs2K_CrBr6.cif,-1.591158835
Cs2K_CuCl6.cif,-1.514709065
Cs2K_CuF6.cif,-2.470997644
Cs2K_FeBr6.cif,-1.448475032
Cs2K_GaF6.cif,-3.027555576
Cs2K_InCl6.cif,-1.893513867
Cs2K_MnF6.cif,-2.925985858
Cs2K_MoF6.cif,-2.888489447
Cs2K_NiF6.cif,-2.58810635
Cs2K_RuF6.cif,-2.483119806
Cs2K_SbBr6.cif,-1.548032274
Cs2K_SbF6.cif,-2.869731739
Cs2K_SbI6.cif,-1.158144302
Cs2K_ScBr6.cif,-1.991640921
Cs2K_ScI6.cif,-1.520669012
Cs2K_TiF6.cif,-3.274473592
Cs2LiBiBr6.cif,-1.553706454
Cs2LiMoF6.cif,-2.85902219
Cs2LiNbF6.cif,-2.964382497
Cs2LiRuF6.cif,-2.466114414
Cs2MgBaBr6.cif,-2.014017662
Cs2MgBaI6.cif,-1.550101612
Cs2MgCaCl6.cif,-2.331181336
Cs2MgCdF6.cif,-3.037710956
Cs2MgCuF6.cif,-2.758217665
Cs2MgPbBr6.cif,-1.645438795
Cs2MgPbCl6.cif,-1.939932475
Cs2MgPtF6.cif,-2.583312835
Cs2MgSnCl6.cif,-1.904696403
Cs2MgSnF6.cif,-3.058528341
Cs2MgSrBr6.cif,-2.014889316
Cs2MnBaBr6.cif,-1.803622008
Cs2MnBaF6.cif,-3.166414908
Cs2MnCdCl6.cif,-1.683266452
Cs2MnPtF6.cif,-2.251516484
Cs2MnRbCl6.cif,-1.809724949
Cs2MnRbF6.cif,-2.908667684
Cs2MnSrBr6.cif,-1.804432114
Cs2MnSrCl6.cif,-2.108907601
Cs2MoAgF6.cif,-2.497798961
Cs2NaFeF6.cif,-2.842282346
Cs2NaNbF6.cif,-2.990971704
Cs2NaRuCl6.cif,-1.618338662
Cs2NaSbCl6.cif,-1.801720457
Cs2NaScBr6.cif,-1.980255427
Cs2NaScF6.cif,-3.541592318
Cs2NaTiF6.cif,-3.271299511
Cs2NbAgCl6.cif,-1.580770809
Cs2NbAuCl6.cif,-1.446909929
Cs2NiAgF6.cif,-2.238364495
Cs2NiBaI6.cif,-1.216897651
Cs2NiCdF6.cif,-2.473461519
Cs2NiPbF6.cif,-2.53257079
Cs2NiSnBr6.cif,-1.251504253
Cs2NiSnCl6.cif,-1.502575864
Cs2NiSrCl6.cif,-1.91533409
Cs2PdBaBr6.cif,-1.582581413
Cs2PdCdCl6.cif,-1.449694478
Cs2PdPbBr6.cif,-1.27159541
Cs2PdPbF6.cif,-2.354303491
Cs2PdPbI6.cif,-0.940854537
Cs2PdSnBr6.cif,-1.271875989
Cs2PdSnI6.cif,-0.938477358
Cs2PtPbF6.cif,-2.248192802
Cs2RbMoBr6.cif,-1.5024628
Cs2RbNbCl6.cif,-1.88590916
Cs2RbNbF6.cif,-2.962950587
Cs2RbRhBr6.cif,-1.429084622
Cs2RbRhCl6.cif,-1.683171792
Cs2RbRhF6.cif,-2.603196865
Cs2RbRuCl6.cif,-1.628901436
Cs2RbRuF6.cif,-2.595327888
Cs2RhAgCl6.cif,-1.369531679
Cs2RhAuCl6.cif,-1.257005891
Cs2RuAgCl6.cif,-1.315162125
Cs2RuAgF6.cif,-2.220376748
Cs2SbAuCl6.cif,-1.402059701
Cs2ScAgBr6.cif,-1.699305547
Cs2ScAgF6.cif,-3.155442722
Cs2ScRbBr6.cif,-1.982230805
Cs2SnBaF6.cif,-3.103295921
Cs2SnPbCl6.cif,-1.694295057
Cs2SrCdI6.cif,-1.377399719
Cs2SrPbF6.cif,-3.177910944
Cs2SrPdBr6.cif,-1.57622425
Cs2SrPdF6.cif,-2.775383646
Cs2SrPtCl6.cif,-1.765959495
Cs2TiAuCl6.cif,-1.633285377
Cs2TiAuI6.cif,-0.964997333
Cs2TiCdCl6.cif,-1.74780139
Cs2TiCoF6.cif,-2.537752379
Cs2TiPbF6.cif,-2.866782498
Cs2TiSnCl6.cif,-1.74631447
Cs2TiSrBr6.cif,-1.859949331
Cs2V_BaF6.cif,-3.203966975
Cs2V_RbCl6.cif,-1.92242602
Cs2V_RbF6.cif,-3.087026668
Cs2V_SnCl6.cif,-1.681151118
Cs2ZnBaF6.cif,-3.132768406
Cs2ZnCdCl6.cif,-1.646459772
Cs2ZnPbCl6.cif,-1.686968414
Cs2ZnPdF6.cif,-2.318075764
Cs2ZnPtF6.cif,-2.215668184
CsBaAgCdF6.cif,-2.640502985
CsBaCaCuF6.cif,-3.152426664
CsBaCoCuF6.cif,-2.564032372
CsBaCrAgF6.cif,-2.712557755
CsBaCrCuF6.cif,-2.708206301
CsBaCuCdF6.cif,-2.661107075
CsBaCuSnF6.cif,-2.631325718
CsBaCuSrF6.cif,-3.06829078
CsBaCuZnF6.cif,-2.738386256
CsBaFeCuF6.cif,-2.610647306
CsBaLiFeF6.cif,-3.046397478
CsBaLiPtF6.cif,-2.683216884
CsBaLiSnF6.cif,-3.067481981
CsBaLiTiF6.cif,-3.298908139
CsBaMgK_F6.cif,-3.447237841
CsBaMnAgF6.cif,-2.750776069
CsBaNaFeF6.cif,-3.018068822
CsBaNaPdF6.cif,-2.726876291
CsBaNaV_F6.cif,-3.216410224
CsBaNiCuF6.cif,-2.590126163
CsBaPdAgF6.cif,-2.362125901
CsK_AgAuCl6.cif,-1.218424758
CsK_AgInF6.cif,-2.551140677
CsK_AgSbCl6.cif,-1.469606631
CsK_AgSbF6.cif,-2.46300526
CsK_AlAgCl6.cif,-1.705545124
CsK_AsRbF6.cif,-2.716325048
CsK_BaPtF6.cif,-2.605972249
CsK_BeBaCl6.cif,-2.023664088
CsK_BeBaF6.cif,-3.267893582
CsK_BeSnF6.cif,-2.826488669
CsK_BeSrCl6.cif,-2.036901187
CsK_BeSrF6.cif,-3.316243547
CsK_CaCdCl6.cif,-2.043366533
CsK_CaCdF6.cif,-3.152099959
CsK_CaCoF6.cif,-2.997701179
CsK_CaCrF6.cif,-3.14798783
CsK_CaCuF6.cif,-2.917634062
CsK_CaFeF6.cif,-3.065559842
CsK_CaMnCl6.cif,-2.062555205
CsK_CaPdF6.cif,-2.781294343
CsK_CaSnCl6.cif,-2.022424467
CsK_CaSnF6.cif,-3.152525067
CsK_CaSrF6.cif,-3.634193595
CsK_CaTiCl6.cif,-2.1308588
CsK_CdPbCl6.cif,-1.651181616
CsK_CdPtF6.cif,-2.177624057
CsK_CdSnCl6.cif,-1.622794071
CsK_CoAgCl6.cif,-1.304847668
CsK_CoAuCl6.cif,-1.200701665
CsK_CoBaCl6.cif,-1.845624878
CsK_CoPbCl6.cif,-1.471355523
CsK_CoPbF6.cif,-2.508242917
CsK_CoPtF6.cif,-2.058750545
CsK_CoRbF6.cif,-2.609235102
CsK_CoSnF6.cif,-2.487983174
CsK_CoSrCl6.cif,-1.861670033
CsK_CoSrF6.cif,-2.965359861
CsK_CrAgCl6.cif,-1.546260809
CsK_CrAuCl6.cif,-1.423719825
CsK_CrBaCl6.cif,-1.979563657
CsK_CrCdF6.cif,-2.661205665
CsK_CrCoF6.cif,-2.521381921
CsK_CrFeCl6.cif,-1.46759118
CsK_CrMnCl6.cif,-1.611989277
CsK_CrMnF6.cif,-2.708514451
CsK_CrSnCl6.cif,-1.594955209
CsK_CrSnF6.cif,-2.65442212
CsK_CrSrCl6.cif,-1.995673683
CsK_CrZnF6.cif,-2.670827397
CsK_CuAuCl6.cif,-1.235252889
CsK_CuGaF6.cif,-2.573838032
CsK_CuInCl6.cif,-1.519813314
CsK_CuNbF6.cif,-2.535319784
CsK_CuPtF6.cif,-2.066676836
CsK_CuRbCl6.cif,-1.458493425
CsK_CuSbF6.cif,-2.436137994
CsK_CuSnCl6.cif,-1.499464509
CsK_CuSnF6.cif,-2.484129469
CsK_CuSrCl6.cif,-1.829651748
CsK_CuSrF6.cif,-2.887484993
CsK_FeAuCl6.cif,-1.285714592
CsK_FeBaCl6.cif,-1.902033253
CsK_FeCdCl6.cif,-1.499450466
CsK_FeNiF6.cif,-2.38943438
CsK_FePbF6.cif,-2.574734925
CsK_FeRbCl6.cif,-1.668983139
CsK_FeSnCl6.cif,-1.498055971
CsK_FeSnF6.cif,-2.553514888
CsK_FeSrCl6.cif,-1.919271805
CsK_FeSrF6.cif,-3.031565036
CsK_GaAgF6.cif,-2.61857385
CsK_GaRbF6.cif,-2.976151909
CsK_LiAsF6.cif,-2.753473515
CsK_LiAuCl6.cif,-1.407610194
CsK_LiBiBr6.cif,-1.5055975
CsK_LiBiCl6.cif,-1.777636135
CsK_LiCrF6.cif,-3.013233495
CsK_LiFeF6.cif,-2.82019728
CsK_LiInF6.cif,-2.941796931
CsK_LiRhF6.cif,-2.591210651
CsK_MgBaF6.cif,-3.480199405
CsK_MgPbF6.cif,-3.075451404
CsK_MgPdF6.cif,-2.673560131
CsK_MgSnF6.cif,-3.050235089
CsK_MnAgF6.cif,-2.548932111
CsK_MnBaF6.cif,-3.130231615
CsK_MnCdF6.cif,-2.707551446
CsK_MnCoF6.cif,-2.53582635
CsK_MnPbCl6.cif,-1.671901205
CsK_MnPbF6.cif,-2.735443244
CsK_MnSrCl6.cif,-2.064012205
CsK_MnSrF6.cif,-3.18997672
CsK_MnZnF6.cif,-2.735673585
CsK_NaAsF6.cif,-2.765661798
CsK_NaCoCl6.cif,-1.588678605
CsK_NaCrCl6.cif,-1.843644547
CsK_NaCrF6.cif,-3.035972974
CsK_NaInF6.cif,-2.95242355
CsK_NaMnCl6.cif,-1.775992875
CsK_NaNbCl6.cif,-1.849740479
CsK_NaRuF6.cif,-2.603029591
CsK_NaSbCl6.cif,-1.753856077
CsK_NbAgF6.cif,-2.56593111
CsK_NiBaCl6.cif,-1.863396556
CsK_NiPbF6.cif,-2.516864462
CsK_PdCdF6.cif,-2.289203723
CsK_PdPbCl6.cif,-1.444452321
CsK_PdPtCl6.cif,-1.25339161
CsK_RuAgF6.cif,-2.201234887
CsK_SbAuCl6.cif,-1.356853947
CsK_ScAgCl6.cif,-1.961316014
CsK_SnPbF6.cif,-2.664306133
CsK_SrCdCl6.cif,-2.044811739
CsK_SrPbF6.cif,-3.135261226
CsK_SrPdF6.cif,-2.746885509
CsK_TiCdF6.cif,-2.960132814
CsK_TiCoCl6.cif,-1.600674817
CsK_TiCoF6.cif,-2.740268186
CsK_TiCrF6.cif,-2.835388138
CsK_TiCuF6.cif,-2.829508566
CsK_TiNiF6.cif,-2.73970148
CsK_TiPbF6.cif,-2.842696391
CsK_TiRbF6.cif,-3.216644302
CsK_TiZnCl6.cif,-1.689861783
CsK_TiZnF6.cif,-2.826944607
CsK_V_AgF6.cif,-2.69775514
CsK_V_AuCl6.cif,-1.454346233
CsK_V_BaF6.cif,-3.170193598
CsK_V_CdCl6.cif,-1.638151236
CsK_V_CoF6.cif,-2.6078789
CsK_V_FeF6.cif,-2.661980341
CsK_V_RbCl6.cif,-1.871049079
CsK_V_RbF6.cif,-3.050948172
CsK_V_SrF6.cif,-3.22832938
CsK_ZnBaCl6.cif,-2.020229942
CsK_ZnBaF6.cif,-3.100932618
CsK_ZnPbCl6.cif,-1.643751323
CsK_ZnSrCl6.cif,-2.03660515
CsK_ZnSrF6.cif,-3.15889765
CsRbAgAuBr6.cif,-1.053026181
CsRbAgBiF6.cif,-2.489705209
CsRbAgInCl6.cif,-1.563777858
CsRbAgInF6.cif,-2.566107014
CsRbAgSbF6.cif,-2.47972754
CsRbAsAuCl6.cif,-1.297896549
CsRbBeCdF6.cif,-2.798384187
CsRbBeSnCl6.cif,-1.625672416
CsRbCaCdCl6.cif,-2.063987611
CsRbCaCoCl6.cif,-1.874208873
CsRbCaCrCl6.cif,-2.01037732
CsRbCaFeF6.cif,-3.071988582
CsRbCaPdBr6.cif,-1.534740314
CsRbCaSnCl6.cif,-2.045849819
CsRbCaTiCl6.cif,-2.149105401
CsRbCdSnF6.cif,-2.655294896
CsRbCoBaCl6.cif,-1.867485009
CsRbCoBaF6.cif,-2.923701001
CsRbCoCdCl6.cif,-1.45501056
CsRbCoCuF6.cif,-2.299608958
CsRbCoPbCl6.cif,-1.490870869
CsRbCoPtF6.cif,-2.062297647
CsRbCrAgCl6.cif,-1.561704286
CsRbCrAgF6.cif,-2.650350166
CsRbCrMnCl6.cif,-1.625410555
CsRbCrPbF6.cif,-2.688219457
CsRbCrPtF6.cif,-2.300676891
CsRbCuAgF6.cif,-2.187242691
CsRbCuNbF6.cif,-2.544167618
CsRbCuPbF6.cif,-2.475878223
CsRbCuSbF6.cif,-2.446831084
CsRbCuSnCl6.cif,-1.516562866
CsRbCuSrBr6.cif,-1.573894463
CsRbCuSrF6.cif,-2.8983589
CsRbFeBaF6.cif,-2.990079439
CsRbFeCdF6.cif,-2.549121932
CsRbFeNiF6.cif,-2.385995153
CsRbFePbBr6.cif,-1.275131504
CsRbFeSnCl6.cif,-1.517452531
CsRbFeSrBr6.cif,-1.634143111
CsRbGaAgF6.cif,-2.628538609
CsRbK_AsBr6.cif,-1.434699676
CsRbK_AsF6.cif,-2.760623748
CsRbK_AuCl6.cif,-1.427030146
CsRbK_AuF6.cif,-2.262470852
CsRbK_BiF6.cif,-2.862252585
CsRbK_CrCl6.cif,-1.870084744
CsRbK_CrF6.cif,-3.034827975
CsRbK_CuCl6.cif,-1.490699144
CsRbK_FeBr6.cif,-1.419564002
CsRbK_FeF6.cif,-2.833520075
CsRbK_MnCl6.cif,-1.793986202
CsRbK_MoBr6.cif,-1.48003994
CsRbK_MoCl6.cif,-1.784925322
CsRbK_MoF6.cif,-2.870821739
CsRbK_NbBr6.cif,-1.564161138
CsRbK_NbCl6.cif,-1.870459448
CsRbK_RhBr6.cif,-1.405470782
CsRbK_V_F6.cif,-3.092908034
CsRbLiAuCl6.cif,-1.422940193
CsRbLiAuF6.cif,-2.278689615
CsRbLiBiBr6.cif,-1.52753452
CsRbLiCuF6.cif,-2.445306527
CsRbLiMnF6.cif,-2.898119405
CsRbLiRhF6.cif,-2.590578018
CsRbLiTiF6.cif,-3.248042483
CsRbLiV_F6.cif,-3.075408989
CsRbMgBaCl6.cif,-2.301480487
CsRbMgSnBr6.cif,-1.586857524
CsRbMgTiCl6.cif,-1.965248714
CsRbMgTiF6.cif,-3.201141485
CsRbMgZnF6.cif,-3.057347426
CsRbMnAgCl6.cif,-1.529497405
CsRbMnBaF6.cif,-3.14818921
CsRbMnCdCl6.cif,-1.666534055
CsRbMnCdF6.cif,-2.715308908
CsRbMnCoCl6.cif,-1.460658299
CsRbMnCuF6.cif,-2.563844493
CsRbMnPbBr6.cif,-1.417635506
CsRbMnPbF6.cif,-2.749385555
CsRbMnPtCl6.cif,-1.383081342
CsRbMnPtF6.cif,-2.25441857
CsRbMnSnBr6.cif,-1.389297259
CsRbMnSnCl6.cif,-1.66226056
CsRbMnSnF6.cif,-2.725591766
CsRbNaAuBr6.cif,-1.229133575
CsRbNaCoF6.cif,-2.661789988
CsRbNaFeCl6.cif,-1.703071663
CsRbNaGaF6.cif,-3.020773682
CsRbNaInCl6.cif,-1.861172066
CsRbNaNiF6.cif,-2.581841158
CsRbNaScCl6.cif,-2.286245044
CsRbNbAgBr6.cif,-1.275859909
CsRbNiBaBr6.cif,-1.602078965
CsRbNiPbBr6.cif,-1.248344269
CsRbNiSrBr6.cif,-1.600474737
CsRbNiSrCl6.cif,-1.895422681
CsRbPdCdF6.cif,-2.29931922
CsRbPdPbCl6.cif,-1.464579565
CsRbPdPbF6.cif,-2.341861759
CsRbPdPtCl6.cif,-1.265681753
CsRbPtPbCl6.cif,-1.382677767
CsRbRhAgF6.cif,-2.226098717
CsRbRuAgF6.cif,-2.21310731
CsRbSbAuCl6.cif,-1.378104725
CsRbSnPbF6.cif,-2.683613568
CsRbSnPtBr6.cif,-1.168886421
CsRbSnPtF6.cif,-2.221119526
CsRbSrPdCl6.cif,-1.803132966
CsRbSrPtBr6.cif,-1.485090843
CsRbSrPtF6.cif,-2.681902907
CsRbSrSnCl6.cif,-2.046032038
CsRbSrSnF6.cif,-3.133896614
CsRbTiAgCl6.cif,-1.746899455
CsRbTiBaF6.cif,-3.253739251
CsRbTiCdF6.cif,-2.981843771
CsRbTiCrCl6.cif,-1.713184496
CsRbTiFeCl6.cif,-1.648623918
CsRbTiMnCl6.cif,-1.758367728
CsRbTiMnF6.cif,-2.868122552
CsRbTiNiF6.cif,-2.739705662
CsRbTiPbCl6.cif,-1.754951051
CsRbTiSrBr6.cif,-1.833034059
CsRbTiSrF6.cif,-3.304017261
CsRbV_AgF6.cif,-2.708677914
CsRbV_BaCl6.cif,-2.078748201
CsRbV_CrF6.cif,-2.734150444
CsRbV_PbF6.cif,-2.77988685
CsRbV_PtCl6.cif,-1.350052387
CsRbV_SnF6.cif,-2.754783525
CsRbZnBaBr6.cif,-1.753534346
CsRbZnBaCl6.cif,-2.042844947
CsRbZnCdCl6.cif,-1.631502233
CsRbZnCdF6.cif,-2.672313557
CsRbZnPbBr6.cif,-1.39656246
CsRbZnPdCl6.cif,-1.414144234
K_2AgAuF6.cif,-1.961056483
K_2AsAgF6.cif,-2.359310821
K_2CaPtF6.cif,-2.68728545
K_2CaZnF6.cif,-3.200661451
K_2CrCoF6.cif,-2.56263066
K_2CrFeF6.cif,-2.582729581
K_2CuCdF6.cif,-2.426824712
K_2CuNbF6.cif,-2.532896619
K_2CuPtF6.cif,-2.083628279
K_2FeCoF6.cif,-2.457930502
K_2FePbF6.cif,-2.558585419
K_2LiInF6.cif,-2.966507375
K_2LiScF6.cif,-3.552913919
K_2MgCaF6.cif,-3.586631771
K_2MgCdF6.cif,-3.062131166
K_2MgCrF6.cif,-3.075054964
K_2MgFeF6.cif,-2.992323962
K_2MgMnF6.cif,-3.148817739
K_2MnAgF6.cif,-2.546787041
K_2MnFeF6.cif,-2.634139055
K_2MnSrF6.cif,-3.17157588
K_2NaAsF6.cif,-2.765860092
K_2NaCoF6.cif,-2.671263044
K_2NaCrF6.cif,-3.053394728
K_2NaCuF6.cif,-2.483782971
K_2NaFeF6.cif,-2.849759669
K_2NaInF6.cif,-2.947217847
K_2NaNiF6.cif,-2.602657378
K_2NaRhF6.cif,-2.617102942
K_2NaTiF6.cif,-3.273516909
K_2NbAgF6.cif,-2.539977202
K_2NiAgF6.cif,-2.255802839
K_2PdPtF6.cif,-1.965615286
K_2PdSnF6.cif,-2.34783487
K_2RuAgF6.cif,-2.189482207
K_2ScCuF6.cif,-3.10169069
K_2TiFeF6.cif,-2.808235648
K_2TiMnF6.cif,-2.909665483
K_2TiNiF6.cif,-2.767692894
K_2TiSnF6.cif,-2.804667872
K_2V_CrF6.cif,-2.762805707
K_2V_MnF6.cif,-2.836928224
K_2V_SnF6.cif,-2.736484518
K_2ZnBaF6.cif,-3.072155684
K_2ZnPdF6.cif,-2.346313797
K_2ZnPtF6.cif,-2.226471918
K_BaCoAgF6.cif,-2.543681125
K_BaCrCuF6.cif,-2.723625485
K_BaCuAgF6.cif,-2.519720562
K_BaCuCdF6.cif,-2.660322261
K_BaFeCuF6.cif,-2.628523678
K_BaLiCaF6.cif,-3.62435621
K_BaLiTiF6.cif,-3.341177247
K_BaLiV_F6.cif,-3.290103347
K_BaLiZnF6.cif,-3.22538801
K_BaMgAgF6.cif,-3.115517599
K_BaMgCuF6.cif,-3.136905445
K_BaNaCoF6.cif,-2.982534581
K_BaNaFeF6.cif,-3.034430016
K_BaNaMnF6.cif,-3.176282579
K_BaNaNiF6.cif,-2.999932612
K_BaNaZnF6.cif,-3.169280175
K_BaV_CuF6.cif,-2.81760557
Rb2AgBiF6.cif,-2.472000171
Rb2AgSbCl6.cif,-1.467479259
Rb2AgSbF6.cif,-2.4660207
Rb2AlAgF6.cif,-3.002618798
Rb2AlCsF6.cif,-3.324282946
Rb2AlK_Cl6.cif,-2.017542062
Rb2AlK_F6.cif,-3.387362995
Rb2AsCsF6.cif,-2.684334489
Rb2BePbF6.cif,-2.872472647
Rb2CaCdF6.cif,-3.15895296
Rb2CaMnCl6.cif,-2.062845154
Rb2CaNiF6.cif,-3.019286094
Rb2CaPbF6.cif,-3.175932704
Rb2CaPdCl6.cif,-1.778096846
Rb2CaPtCl6.cif,-1.716410574
Rb2CdPtF6.cif,-2.184425384
Rb2CoCdF6.cif,-2.488004741
Rb2CoSrCl6.cif,-1.861054619
Rb2CoSrF6.cif,-2.973331394
Rb2CrAgF6.cif,-2.650258761
Rb2CrAuCl6.cif,-1.426963116
Rb2CrBaF6.cif,-3.057086679
Rb2CrMnF6.cif,-2.727015867
Rb2CrPbCl6.cif,-1.618496352
Rb2CrSrF6.cif,-3.119912034
Rb2CuAgF6.cif,-2.200353955
Rb2CuAuCl6.cif,-1.240890272
Rb2CuBaF6.cif,-2.835356798
Rb2CuBiCl6.cif,-1.481839265
Rb2CuNbF6.cif,-2.545599353
Rb2CuSnF6.cif,-2.496620044
Rb2FeAgF6.cif,-2.45713307
Rb2FeBaF6.cif,-2.974458212
Rb2FeNiF6.cif,-2.413825521
Rb2FePbF6.cif,-2.58112387
Rb2FeSrF6.cif,-3.038286933
Rb2GaAuCl6.cif,-1.397812918
Rb2K_AsF6.cif,-2.746246874
Rb2K_CrF6.cif,-3.026383483
Rb2K_GaF6.cif,-3.008154239
Rb2K_MnF6.cif,-2.903893619
Rb2K_MoF6.cif,-2.854974805
Rb2K_RuF6.cif,-2.587647312
Rb2LiInF6.cif,-2.960274523
Rb2LiNbF6.cif,-2.984620368
Rb2LiSbF6.cif,-2.863937711
Rb2LiScF6.cif,-3.538619197
Rb2MgCaF6.cif,-3.585075134
Rb2MgMnF6.cif,-3.131413961
Rb2MgPdF6.cif,-2.693409603
Rb2MgSrCl6.cif,-2.295493101
Rb2MnCdF6.cif,-2.719201248
Rb2MnSnCl6.cif,-1.640175505
Rb2MoAgCl6.cif,-1.454892578
Rb2NaAlF6.cif,-3.407216871
Rb2NaCoF6.cif,-2.671736328
Rb2NaNbF6.cif,-2.982371462
Rb2NaRhF6.cif,-2.622389224
Rb2NaRuF6.cif,-2.616830365
Rb2NaSbF6.cif,-2.861283335
Rb2NbAgF6.cif,-2.568941316
Rb2NiAgF6.cif,-2.255769112
Rb2NiPbF6.cif,-2.525317933
Rb2NiSnF6.cif,-2.510256844
Rb2NiSrCl6.cif,-1.876551509
Rb2PdSnF6.cif,-2.370023544
Rb2RhAgF6.cif,-2.223296944
Rb2ScAgCl6.cif,-1.96125827
Rb2ScAgF6.cif,-3.137655109
Rb2SrPtCl6.cif,-1.718869105
Rb2TiPtF6.cif,-2.574715043
Rb2TiZnF6.cif,-2.847953681
Rb2V_AgF6.cif,-2.706321553
Rb2V_CdF6.cif,-2.744287665
Rb2V_CoF6.cif,-2.631804535
Rb2V_FeF6.cif,-2.684632738
Rb2V_NiF6.cif,-2.625691049
Rb2V_PtF6.cif,-2.353924736
Rb2V_SnF6.cif,-2.753161828
Rb2V_SrCl6.cif,-2.070141677
Rb2V_SrF6.cif,-3.234933131
Rb2ZnSrF6.cif,-3.166607025
RbBaBeAgF6.cif,-2.970108438
RbBaCaCuF6.cif,-3.154591664
RbBaCuPtF6.cif,-2.290115866
RbBaCuSnF6.cif,-2.629135799
RbBaCuSrF6.cif,-3.060472695
RbBaCuZnF6.cif,-2.756543679
RbBaLiCaF6.cif,-3.62129547
RbBaLiCoF6.cif,-3.025168585
RbBaLiFeF6.cif,-3.080819584
RbBaLiMgF6.cif,-3.587800519
RbBaLiPbF6.cif,-3.073722559
RbBaLiSrF6.cif,-3.528775123
RbBaLiV_F6.cif,-3.276510395
RbBaLiZnF6.cif,-3.211702021
RbBaMgCuF6.cif,-3.13148654
RbBaNaCdF6.cif,-3.065643659
RbBaNaCoF6.cif,-2.979086074
RbBaNaCrF6.cif,-3.109498471
RbBaNaCuF6.cif,-2.90324756
RbBaNaFeF6.cif,-3.032920641
RbBaNaMgF6.cif,-3.549495669
RbBaNiAgF6.cif,-2.570724694
RbBaTiCuF6.cif,-2.869401204
RbBaV_AgF6.cif,-2.795723837
RbBaZnAgF6.cif,-2.736017906
RbK_AlAgCl6.cif,-1.693783573
RbK_AlAgF6.cif,-2.99819762
RbK_AlAuCl6.cif,-1.558732559
RbK_AsAgCl6.cif,-1.370327376
RbK_AsAgF6.cif,-2.370708328
RbK_BeBaCl6.cif,-2.002837486
RbK_BePbCl6.cif,-1.62552427
RbK_CaCdCl6.cif,-2.021656765
RbK_CaFeCl6.cif,-1.901727662
RbK_CaFeF6.cif,-3.074350042
RbK_CaMnCl6.cif,-2.044948703
RbK_CaNiCl6.cif,-1.858096878
RbK_CaNiF6.cif,-3.01803726
RbK_CaPtF6.cif,-2.697992339
RbK_CaSnF6.cif,-3.142042702
RbK_CaTiF6.cif,-3.330810611
RbK_CaV_Cl6.cif,-2.051379937
RbK_CaV_F6.cif,-3.27047433
RbK_CaZnF6.cif,-3.202289318
RbK_CdPbF6.cif,-2.643068485
RbK_CdSnF6.cif,-2.630636367
RbK_CoAuCl6.cif,-1.197143024
RbK_CoNiF6.cif,-2.3314057
RbK_CoSrF6.cif,-2.963718693
RbK_CoZnF6.cif,-2.532813541
RbK_CrAgCl6.cif,-1.535058643
RbK_CrCuF6.cif,-2.636709363
RbK_CrFeF6.cif,-2.576053483
RbK_CrMnF6.cif,-2.728430154
RbK_CrNiF6.cif,-2.547929639
RbK_CrSnCl6.cif,-1.575036675
RbK_CuAsF6.cif,-2.358711963
RbK_CuCdF6.cif,-2.427535662
RbK_CuGaF6.cif,-2.596261493
RbK_CuPtF6.cif,-2.08289462
RbK_CuRhF6.cif,-2.239064107
RbK_CuRuF6.cif,-2.206147205
RbK_CuSnCl6.cif,-1.484716025
RbK_FeCdCl6.cif,-1.486916283
RbK_FeCoF6.cif,-2.448241043
RbK_FePbF6.cif,-2.569495399
RbK_FeSrF6.cif,-3.027326539
RbK_FeZnF6.cif,-2.599898119
RbK_LiBiCl6.cif,-1.75731255
RbK_LiCoF6.cif,-2.674907985
RbK_LiGaF6.cif,-3.030476193
RbK_LiNbF6.cif,-2.986096318
RbK_LiRhF6.cif,-2.622822792
RbK_LiV_F6.cif,-3.113709108
RbK_MgBaCl6.cif,-2.25154781
RbK_MgCaCl6.cif,-2.278173768
RbK_MgCrF6.cif,-3.064040896
RbK_MgCuF6.cif,-2.833351733
RbK_MgMnF6.cif,-3.138879424
RbK_MgPbCl6.cif,-1.872157716
RbK_MgPbF6.cif,-3.075352128
RbK_MgSnCl6.cif,-1.840578738
RbK_MgSnF6.cif,-3.055583803
RbK_MgSrCl6.cif,-2.275319567
RbK_MgSrF6.cif,-3.540004141
RbK_MnAgF6.cif,-2.552400529
RbK_MnCdF6.cif,-2.713290272
RbK_MnFeCl6.cif,-1.502166336
RbK_MnNiF6.cif,-2.564533253
RbK_MnPbF6.cif,-2.727791868
RbK_MoAuCl6.cif,-1.305865643
RbK_NaAuF6.cif,-2.27338777
RbK_NaCrCl6.cif,-1.830250073
RbK_NaRhCl6.cif,-1.620489019
RbK_NaRhF6.cif,-2.618671367
RbK_NaRuCl6.cif,-1.572614672
RbK_NaSbCl6.cif,-1.729456797
RbK_NaV_Cl6.cif,-1.871788595
RbK_NbAgCl6.cif,-1.523524204
RbK_NbAgF6.cif,-2.554144111
RbK_NiBaCl6.cif,-1.83954053
RbK_NiBaF6.cif,-2.905386361
RbK_NiCuF6.cif,-2.334472356
RbK_NiPbCl6.cif,-1.47108082
RbK_NiSnCl6.cif,-1.451422751
RbK_NiSrCl6.cif,-1.858466186
RbK_NiZnF6.cif,-2.537780966
RbK_PdCdF6.cif,-2.289820354
RbK_PdPbCl6.cif,-1.423507363
RbK_PdPtF6.cif,-1.972956046
RbK_PdSnCl6.cif,-1.434415319
RbK_PtPbCl6.cif,-1.34079976
RbK_PtPbF6.cif,-2.201125436
RbK_RhAuCl6.cif,-1.222795799
RbK_RuAgCl6.cif,-1.275365508
RbK_RuAgF6.cif,-2.198667327
RbK_ScAgF6.cif,-3.125567498
RbK_TiAgF6.cif,-2.861744331
RbK_TiCuF6.cif,-2.844684641
RbK_TiFeF6.cif,-2.80294504
RbK_TiNiF6.cif,-2.762357753
RbK_TiPtF6.cif,-2.560313956
RbK_TiSnF6.cif,-2.813594295
RbK_V_AgCl6.cif,-1.570826444
RbK_V_CdCl6.cif,-1.62517244
RbK_V_MnCl6.cif,-1.654098109
RbK_V_MnF6.cif,-2.832163141
RbK_V_PbCl6.cif,-1.649149621
RbK_V_PtF6.cif,-2.354320752
RbK_V_SrF6.cif,-3.224031931
RbK_ZnPbF6.cif,-2.697061981
RbK_ZnPdF6.cif,-2.344556222
Cs2TiCuF6.cif,-2.828696248
RbK_LiAuCl6.cif,-1.397153668
Rb2CaSnF6.cif,-3.156462029
CsK_MoAgCl6.cif,-1.45408379
CsK_BeSnCl6.cif,-1.609499939
RbBaLiSnF6.cif,-3.076016663
Cs2PdCdF6.cif,-2.302590086
CsRbZnSnBr6.cif,-1.370234008
K_BaNaPdF6.cif,-2.729275121
CsRbSrPtCl6.cif,-1.742094482
CsRbCoZnF6.cif,-2.493796516
Cs2CaBaF6.cif,-3.615509325
RbK_CaCuCl6.cif,-1.810952237
CsBaTiAgF6.cif,-2.881106457
Rb2AsAuCl6.cif,-1.280114891
CsRbAsAgF6.cif,-2.390300513
Cs2PdSnCl6.cif,-1.48926557
RbBaCuAgF6.cif,-2.524063755
RbK_SrPdCl6.cif,-1.760689094
RbK_CaPdCl6.cif,-1.760613364
CsK_CuBiCl6.cif,-1.482071795
RbK_MnAuCl6.cif,-1.405741057
Cs2CrCoF6.cif,-2.499257343
CsRbNaCuCl6.cif,-1.494536868
Cs2AsAgF6.cif,-2.40024284
Cs2NiPbBr6.cif,-1.272439177
Rb2MgTiF6.cif,-3.22904567
Cs2CuRbCl6.cif,-1.50765473
CsRbCuPbBr6.cif,-1.263014481
K_2AgSbF6.cif,-2.435090769
RbK_TiZnF6.cif,-2.852503624
Cs2CuBaF6.cif,-2.863492775
CsK_CaNiCl6.cif,-1.870277592
Cs2GaAgBr6.cif,-1.284157426
RbK_AsCsF6.cif,-2.662283619
Cs2PdCdBr6.cif,-1.236419415
CsRbCoPbF6.cif,-2.519983985
RbBaLiTiF6.cif,-3.330153575
Cs2CaBaCl6.cif,-2.494050733
Rb2TiBaF6.cif,-3.239590297
Cs2CdPtCl6.cif,-1.377490468
Rb2K_CoF6.cif,-2.641692181
CsK_TiCrCl6.cif,-1.698720902
Rb2TiCdCl6.cif,-1.709652569
Cs2TiSnBr6.cif,-1.462336486
K_2CoZnF6.cif,-2.544015931
Cs2NaScCl6.cif,-2.307638619
CsRbK_NbF6.cif,-2.965078421
RbK_MnPbCl6.cif,-1.64863436
Rb2CuPbCl6.cif,-1.486486316
Cs2MgCrF6.cif,-3.004673735
Rb2MgPtF6.cif,-2.607468215
CsRbNiCdCl6.cif,-1.466089597
K_2CuBiF6.cif,-2.433841889
CsK_NaCuF6.cif,-2.464418726
Rb2MgSnF6.cif,-3.061623232
Cs2MgTiF6.cif,-3.180298733
Cs2V_AgBr6.cif,-1.329547876
RbK_MgPdF6.cif,-2.695970946
CsRbBeSrF6.cif,-3.316973868
CsRbNiPbF6.cif,-2.527703394
Cs2NaBiF6.cif,-2.895711977
CsRbMnAuCl6.cif,-1.432274653
CsRbTiAuCl6.cif,-1.615127216
CsRbV_FeCl6.cif,-1.528318153
CsRbZnPbF6.cif,-2.712698235
K_2MnPbF6.cif,-2.715511547
Cs2AuBiCl6.cif,-1.430309623
CsRbAlK_F6.cif,-3.390624627
RbK_FeSrCl6.cif,-1.898513347
Rb2FeCuF6.cif,-2.455808601
RbK_TiCrCl6.cif,-1.68929668
CsRbCaTiF6.cif,-3.333457527
CsRbScAgCl6.cif,-1.980315835
RbK_ZnSrCl6.cif,-2.015709395
CsK_MgCaCl6.cif,-2.294727353
Rb2CaTiF6.cif,-3.336780812
Rb2CuCsF6.cif,-2.404198833
CsBaLiMgF6.cif,-3.545098485
CsK_TiMnF6.cif,-2.888833944
CsK_TiAgCl6.cif,-1.729446626
CsRbNaBiBr6.cif,-1.545368098
K_BaLiMnF6.cif,-3.234263802
K_BaCaCuF6.cif,-3.148261228
CsK_AgInCl6.cif,-1.544357769
CsK_SrSnF6.cif,-3.115018759
Cs2CdPbF6.cif,-2.690496665
K_2V_NiF6.cif,-2.644084769
RbK_TiSrCl6.cif,-2.110228809
Cs2MgMnF6.cif,-3.084026804
Rb2CoPtF6.cif,-2.074915786
K_2CuPbF6.cif,-2.456058811
CsK_MnZnCl6.cif,-1.632345631
CsK_BaPtCl6.cif,-1.708470157
CsRbNiPtF6.cif,-2.071907091
CsRbCdPtF6.cif,-2.189959079
CsBaNaMnF6.cif,-3.164491664
RbK_SrPdF6.cif,-2.735959623
CsK_ZnCdF6.cif,-2.66709407
CsK_V_SnF6.cif,-2.744407904
Cs2K_AuF6.cif,-2.28161475
Rb2FeSnF6.cif,-2.56243012
RbK_MgBaF6.cif,-3.469695882
Cs2V_SrCl6.cif,-2.113788221
Rb2FeSnCl6.cif,-1.497456546
RbK_ZnCdF6.cif,-2.678440878
K_BaLiCrF6.cif,-3.168416895
CsRbAlK_Br6.cif,-1.698903191
Rb2V_MnF6.cif,-2.824236899
Cs2BePbF6.cif,-2.849220792
Rb2NaInCl6.cif,-1.840139652
CsRbBePbCl6.cif,-1.65810035
CsRbMnZnF6.cif,-2.735038521
CsK_MnFeF6.cif,-2.608458892
Cs2MnPbI6.cif,-1.033881636
CsBaLiNiF6.cif,-2.997613574
CsRbV_CdCl6.cif,-1.654297033
Cs2AgInBr6.cif,-1.331365016
CsK_AsAgF6.cif,-2.376629964
RbK_CoCdF6.cif,-2.485328122
RbK_NaTiF6.cif,-3.274902869
CsK_AsAuCl6.cif,-1.279555739
Rb2SnPtF6.cif,-2.211209591
CsRbMgCdF6.cif,-3.046954993
Cs2PtPbBr6.cif,-1.199813136
K_2PdPbF6.cif,-2.302951818
RbK_PdBaF6.cif,-2.672025876
Cs2CuBiF6.cif,-2.471491128
RbK_NaGaF6.cif,-3.032531131
CsK_CuBiBr6.cif,-1.236406792
CsK_MgTiCl6.cif,-1.951451269
Cs2CaCdCl6.cif,-2.086873301
Cs2ScRbF6.cif,-3.521647634
Cs2K_AsCl6.cif,-1.719065113
CsRbMgPbCl6.cif,-1.916067194
CsRbV_CdF6.cif,-2.737441506
CsK_MnBaCl6.cif,-2.045397926
Cs2NaInF6.cif,-2.968507504
CsK_RbMoF6.cif,-2.825003636
Cs2K_AuCl6.cif,-1.454454028
CsRbLiBiF6.cif,-2.875089526
CsK_NaRuCl6.cif,-1.585581279
RbK_ZnSrF6.cif,-3.156668692
Cs2V_CdF6.cif,-2.734082753
CsK_RbInF6.cif,-2.902022354
K_BaLiCuF6.cif,-2.96849193
Cs2SrPdI6.cif,-1.207142335
RbBaNaPdF6.cif,-2.733132697
CsRbTiCrF6.cif,-2.839918869
Cs2NaAuF6.cif,-2.292137822
CsK_PdPbF6.cif,-2.326736891
CsRbCuRhF6.cif,-2.215554243
CsK_MgTiF6.cif,-3.204898377
CsBaBeRbF6.cif,-3.228605151
Cs2NaBiBr6.cif,-1.575074863
RbK_NaCuF6.cif,-2.481419856
CsK_V_MnCl6.cif,-1.660866993
Rb2ZnSnCl6.cif,-1.614211582
CsRbPdCdCl6.cif,-1.434156548
CsK_CuZnF6.cif,-2.441862804
RbK_FeAgCl6.cif,-1.382484648
RbK_BePbF6.cif,-2.873133651
K_2RhAgF6.cif,-2.205904565
Ba2LiNaF6.cif,-3.619652042
CsRbNaGaCl6.cif,-1.831193597
CsK_V_PbF6.cif,-2.767210523
CsK_CaPbF6.cif,-3.173929024
CsRbK_V_Br6.cif,-1.595105526
Rb2RuAgF6.cif,-2.208827708
Rb2MnSrF6.cif,-3.195526661
RbK_CoCdCl6.cif,-1.429400592
CsK_CrSrF6.cif,-3.114009616
CsK_NaBiF6.cif,-2.867566935
RbK_V_CdF6.cif,-2.74007518
Cs2TiRbCl6.cif,-2.069190205
CsRbCdBaCl6.cif,-2.051475538
Cs2NaInCl6.cif,-1.883477096
K_2NaScF6.cif,-3.533650087
K_2CuSnF6.cif,-2.487100202
CsK_LiCuF6.cif,-2.448536276
RbK_CoAgF6.cif,-2.279115921
Rb2MnZnF6.cif,-2.756867945
CsK_CaV_F6.cif,-3.261297757
CsRbNaCrF6.cif,-3.040765906
CsRbK_CoF6.cif,-2.651438647
CsRbAgInBr6.cif,-1.306878532
Rb2CoBaF6.cif,-2.909957097
Rb2K_InF6.cif,-2.930558803
RbK_MnZnF6.cif,-2.760920704
CsK_PdBaF6.cif,-2.69152874
CsK_CaCrCl6.cif,-1.992568212
RbK_CuZnF6.cif,-2.47758354
RbK_AgAuCl6.cif,-1.204759678
Cs2NaRhF6.cif,-2.614898033
CsRbK_V_Cl6.cif,-1.908200077
Cs2SrPtBr6.cif,-1.511810113
CsRbK_SbF6.cif,-2.849009405
CsBaMnCuF6.cif,-2.755748035
K_BaNaV_F6.cif,-3.23374482
CsRbCuBiBr6.cif,-1.257195287
Cs2FeAuCl6.cif,-1.31639321
CsK_NaMnF6.cif,-2.918655955
CsRbAgBiBr6.cif,-1.286307889
Cs2FePbF6.cif,-2.596077453
Cs2CuNbF6.cif,-2.546373588
K_2AgInF6.cif,-2.528581073
Rb2BeBaCl6.cif,-2.022264161
RbK_MnPtF6.cif,-2.25521048
Cs2MnPbF6.cif,-2.759921442
K_2SrPtF6.cif,-2.634927235
CsK_MgSrF6.cif,-3.538106024
Cs2K_RhCl6.cif,-1.689319641
K_2MnZnF6.cif,-2.766992332
RbBaCrCuF6.cif,-2.722772378
CsRbCdSnBr6.cif,-1.394103872
Cs2AgInCl6.cif,-1.584631885
Cs2CoAgCl6.cif,-1.325168445
RbK_ZnPbCl6.cif,-1.622175948
K_2TiAgF6.cif,-2.852282493
Cs2BaPtF6.cif,-2.649400866
RbK_CaCuF6.cif,-2.930171976
Rb2ZnPtF6.cif,-2.231410459
CsRbCuMoF6.cif,-2.447279957
Cs2CaCdF6.cif,-3.171984593
Rb2TiAgCl6.cif,-1.730661294
CsK_TiAuCl6.cif,-1.597344876
RbK_CrSnF6.cif,-2.652927512
Cs2AsRbBr6.cif,-1.457587495
Rb2CaMnF6.cif,-3.236469165
RbK_CaCoF6.cif,-3.009877868
Cs2AgAuBr6.cif,-1.073326565
Cs2TiSrCl6.cif,-2.177087971
Rb2CuMoF6.cif,-2.452632125
RbK_MnSrCl6.cif,-2.041275198
CsK_TiSnCl6.cif,-1.703009773
CsRbScAuCl6.cif,-1.84581466
CsK_CoCdF6.cif,-2.473298446
CsRbNiSnCl6.cif,-1.484651041
CsRbSrPdF6.cif,-2.762247793
CsK_ScAuCl6.cif,-1.826667172
Cs2TiPtF6.cif,-2.60557355
Cs2MnSnCl6.cif,-1.68507295
K_2NaV_F6.cif,-3.110807373
K_2ScAgF6.cif,-3.114354631
Rb2NiSrF6.cif,-2.982081306
CsK_LiAlF6.cif,-3.355135021
Rb2TiV_F6.cif,-2.923601862
Cs2NaAuCl6.cif,-1.456144524
Cs2V_MnF6.cif,-2.790929555
K_2NaRuF6.cif,-2.611760905
Rb2CoZnF6.cif,-2.524122459
CsRbTiPbF6.cif,-2.832294825
Rb2NaInF6.cif,-2.961884993
CsRbCoSnF6.cif,-2.497246291
CsRbTiSnBr6.cif,-1.436135918
Cs2NaV_F6.cif,-3.099323095
Rb2AgInCl6.cif,-1.543979169
Cs2TiAgF6.cif,-2.885151555
Rb2PdCdF6.cif,-2.298571851
RbK_MgZnF6.cif,-3.104591539
CsRbTiZnCl6.cif,-1.70384482
CsBaK_NiF6.cif,-2.89221859
Cs2AlK_Cl6.cif,-2.064823029
Cs2MgPdF6.cif,-2.660451819
CsK_TiSnF6.cif,-2.816689471
CsBaNaCuF6.cif,-2.884909403
Cs2AsRbF6.cif,-2.757518501
CsRbK_RuCl6.cif,-1.613227129
Cs2K_FeCl6.cif,-1.732854299
RbK_BePdF6.cif,-2.491984167
Cs2CaV_Cl6.cif,-2.101650206
CsK_AlRbCl6.cif,-2.005412874
CsRbCaTiBr6.cif,-1.820091499
RbK_MgNiF6.cif,-2.915779687
Rb2K_NbF6.cif,-2.946668657
Rb2CaTiCl6.cif,-2.131133037
RbK_PdPtCl6.cif,-1.248157837
CsRbMnSrF6.cif,-3.203316971
RbK_MgCdF6.cif,-3.06065837
Cs2BeSrF6.cif,-3.305384976
RbK_CaCrCl6.cif,-1.976273123
CsRbK_ScF6.cif,-3.52535983
CsK_TiCdCl6.cif,-1.708976633
RbK_CaCoCl6.cif,-1.844609225
RbK_NaMnF6.cif,-2.932158838
CsBaLiCaF6.cif,-3.603605501
Rb2MoAgF6.cif,-2.476053896
CsK_ZnPtF6.cif,-2.216789185
RbK_MgPtF6.cif,-2.607237138
Rb2AgAuCl6.cif,-1.220567258
RbK_BeCdF6.cif,-2.847416617
K_2CaMnF6.cif,-3.22541777
K_2CuBaF6.cif,-2.805313064
RbK_CrZnF6.cif,-2.698348432
Rb2K_CuF6.cif,-2.452811228
Cs2CaMnCl6.cif,-2.10035411
CsK_CaPtF6.cif,-2.702487562
RbK_LiAlF6.cif,-3.401441403
CsRbV_PtF6.cif,-2.357325681
CsRbFePbCl6.cif,-1.547053781
CsRbCuBiF6.cif,-2.462464018
CsK_MgNiF6.cif,-2.87069328
CsK_FeRbF6.cif,-2.790958141
CsK_BePbF6.cif,-2.856022219
Rb2CdSnF6.cif,-2.644645841
K_2TiCdF6.cif,-2.918312984
CsBaLiCuF6.cif,-2.914619957
CsK_TiPtCl6.cif,-1.493923519
CsK_AgBiF6.cif,-2.471087686
Cs2CuAgF6.cif,-2.179081678
K_2V_SrF6.cif,-3.213814608
CsRbAlAgCl6.cif,-1.72136225
CsK_MgSnCl6.cif,-1.861833145
CsK_MgCoF6.cif,-2.870647111
RbK_LiBiF6.cif,-2.870708373
CsRbNaCuF6.cif,-2.469027811
CsRbLiBiCl6.cif,-1.797680017
RbK_CrMnCl6.cif,-1.604663222
CsK_CdPtCl6.cif,-1.343963944
RbK_LiAuF6.cif,-2.293177712
RbK_NiAgF6.cif,-2.254642508
RbK_NaNiF6.cif,-2.598320038
Rb2SrPdF6.cif,-2.75054048
RbK_CuBiF6.cif,-2.444452106
Cs2GaRbF6.cif,-3.010357737
CsRbCrFeF6.cif,-2.548670655
K_2NiBaF6.cif,-2.891212177
CsRbMgSrCl6.cif,-2.317872152
K_BaCuZnF6.cif,-2.759280878
CsRbK_MnF6.cif,-2.913465082
RbBaBeK_F6.cif,-3.298676539
CsRbMgNiF6.cif,-2.861811749
Cs2RbAuCl6.cif,-1.44651276
CsRbMoAgCl6.cif,-1.471939923
Cs2CrMnF6.cif,-2.697930209
RbK_V_BaF6.cif,-3.155051693
CsRbMgSrBr6.cif,-1.987805172
CsRbLiFeF6.cif,-2.818819653
CsRbK_GaF6.cif,-3.016249963
Cs2RbInBr6.cif,-1.605688867
CsK_CoCuF6.cif,-2.303814783
Cs2BeBaBr6.cif,-1.751782277
RbK_CoSnF6.cif,-2.490756232
CsRbBeSnF6.cif,-2.826027237
Rb2MnCoF6.cif,-2.557387551
CsK_BeCaF6.cif,-3.332538423
Rb2MgCdF6.cif,-3.060870768
Rb2K_ScF6.cif,-3.511238401
CsK_CrPtCl6.cif,-1.32637128
Rb2CuSrF6.cif,-2.895696462
Cs2AgSbCl6.cif,-1.515164919
Cs2K_AuBr6.cif,-1.252468509
CsK_MnSnCl6.cif,-1.641685229
RbK_AgAuF6.cif,-1.971114894
CsRbCaCuF6.cif,-2.922536468
CsRbCuPtF6.cif,-2.069591888
RbK_BeSrF6.cif,-3.336866955
CsK_NaCoF6.cif,-2.656371819
Rb2CoAuCl6.cif,-1.210158046
CsRbFePtF6.cif,-2.152766961
K_2CuSbF6.cif,-2.42886158
RbK_AlCsF6.cif,-3.306461491
CsRbLiMoF6.cif,-2.867872358
Rb2PdPbF6.cif,-2.330992115
RbK_CaPbF6.cif,-3.159384458
CsRbNaCoCl6.cif,-1.60311309
CsRbTiPtF6.cif,-2.588627122
K_BaNaCuF6.cif,-2.906522137
Cs2NaNiF6.cif,-2.575340991
Cs2RbInF6.cif,-2.945741298
K_2NaAlF6.cif,-3.41870617
CsK_TiPtF6.cif,-2.57237332
CsK_MnPtF6.cif,-2.299946588
CsK_MgCrF6.cif,-3.03074675
CsK_RhAuCl6.cif,-1.231495873
CsRbV_FeF6.cif,-2.643238321
RbK_ZnBaF6.cif,-3.087452017
Rb2CuBiF6.cif,-2.455945333
CsRbRuAgCl6.cif,-1.301358213
CsRbCdPbBr6.cif,-1.420147535
CsK_CoNiF6.cif,-2.293603112
Cs2K_TiI6.cif,-1.310127927
CsRbNaScF6.cif,-3.539753171
Cs2SrBaF6.cif,-3.582896268
RbK_CaCdF6.cif,-3.147811156
K_2CrMnF6.cif,-2.731538443
CsRbBeTiF6.cif,-2.933568663
Cs2TiAgCl6.cif,-1.764608835
CsRbMnPbCl6.cif,-1.693257047
CsK_CaSrCl6.cif,-2.458501814
Cs2MnSnBr6.cif,-1.415437215
RbK_CuAgCl6.cif,-1.280589635
CsK_AlAgF6.cif,-2.990269023
CsK_NaBiBr6.cif,-1.521275828
K_2TiZnF6.cif,-2.859128905
CsK_NiBaF6.cif,-2.91693187
CsRbBeBaF6.cif,-3.276142206
CsRbMgCdCl6.cif,-1.888955422
Rb2CaCuF6.cif,-2.932594884
K_2NiPtF6.cif,-2.089294927
